username,remote_address,city,country
chishoazure@jpdemo.io,43.203.127.75,Incheon,KR
chishoazure@jpdemo.io,43.203.127.75,Incheon,KR
chishoazure@jpdemo.io,43.203.127.75,Incheon,KR
chishoazure@jpdemo.io,43.203.127.75,Incheon,KR
chishoazure@jpdemo.io,43.203.127.75,Incheon,KR
chishoazure@jpdemo.io,43.203.127.75,Incheon,KR
chishoazure@jpdemo.io,43.203.127.75,Incheon,KR
chishoazure@jpdemo.io,43.203.127.75,Incheon,KR
chishoazure@jpdemo.io,43.203.127.75,Incheon,KR
chishoazure@jpdemo.io,43.203.127.75,Incheon,KR
chishoazure@jpdemo.io,43.203.127.75,Incheon,KR
chishoazure@jpdemo.io,43.203.127.75,Incheon,KR
chisho@jpdemo.io,126.117.126.41,Saitama,JP
chisho@jpdemo.io,126.117.126.41,Saitama,JP
toru@jpdemo.io,126.216.236.118,Tokyo,JP
toru@jpdemo.io,126.216.236.118,Tokyo,JP
